title,taxon,sample_start_date,sample_start_time,sample_end_date,sample_end_time,value,sample_location_info,sample_lat_DD,sample_long_DD,sample_info,sample_name,sample_sex,location_description,location_environment,study_lat_DD,study_long_DD,spatial_accuracy,location_extent,geo_datum,species_id_method,study_design,sampling_strategy,sampling_method,sampling_protocol,measurement_unit,study_collection_area,value_transform
Manatee County Monitoring Aedes aegypti,Aedes aegypti,2013-04-22,,2013-04-23,,1,Palmetto shop,27.533281,-82.565712,adult,,female,Manatee County,,,,,,,SPECIES_MORPHO,,,"LIGHT,CO2",CDC_LIGHT,individuals,,
Manatee County Monitoring Aedes aegypti,Aedes aegypti,2013-04-22,,2013-04-23,,2,Manatee HS,27.48887,-82.59214,adult,,female,Manatee County,,,,,,,SPECIES_MORPHO,,,"LIGHT,CO2",CDC_LIGHT,individuals,,
Manatee County Monitoring Aedes aegypti,Aedes aegypti,2013-04-22,,2013-04-23,,1,St Stephens,27.499288,-82.600544,adult,,female,Manatee County,,,,,,,SPECIES_MORPHO,,,"LIGHT,CO2",CDC_LIGHT,individuals,,
Manatee County Monitoring Aedes aegypti,Aedes aegypti,2013-04-22,,2013-04-23,,7,Fulwood,27.475085,-82.551283,adult,,female,Manatee County,,,,,,,SPECIES_MORPHO,,,"LIGHT,CO2",CDC_LIGHT,individuals,,
Manatee County Monitoring Aedes aegypti,Aedes aegypti,2013-04-22,,2013-04-23,,2,Mullins,27.439449,-82.548928,adult,,female,Manatee County,,,,,,,SPECIES_MORPHO,,,"LIGHT,CO2",CDC_LIGHT,individuals,,
Manatee County Monitoring Aedes aegypti,Aedes aegypti,2013-04-22,,2013-04-23,,1,Tallevast,27.4266,-82.52471,adult,,female,Manatee County,,,,,,,SPECIES_MORPHO,,,"LIGHT,CO2",CDC_LIGHT,individuals,,
Manatee County Monitoring Aedes aegypti,Aedes aegypti,2013-04-22,,2013-04-23,,3,Palmetto Ball Park,27.531,-82.58235,adult,,female,Manatee County,,,,,,,SPECIES_MORPHO,,,"LIGHT,CO2",CDC_LIGHT,individuals,,
Manatee County Monitoring Aedes aegypti,Aedes aegypti,2013-04-22,,2013-04-23,,1,Lloyd Park,27.489937,-82.533814,adult,,female,Manatee County,,,,,,,SPECIES_MORPHO,,,"LIGHT,CO2",CDC_LIGHT,individuals,,
Manatee County Monitoring Aedes aegypti,Aedes aegypti,2013-04-29,,2013-04-30,,38,Cortez Village,27.468452,-82.684313,adult,,female,Manatee County,,,,,,,SPECIES_MORPHO,,,"LIGHT,CO2",CDC_LIGHT,individuals,,
Manatee County Monitoring Aedes aegypti,Aedes aegypti,2013-05-06,,2013-05-07,,21,Cortez Village,27.468452,-82.684313,adult,,female,Manatee County,,,,,,,SPECIES_MORPHO,,,"LIGHT,CO2",CDC_LIGHT,individuals,,
Manatee County Monitoring Aedes aegypti,Aedes aegypti,2013-05-06,,2013-05-07,,1,Manatee HS,27.48887,-82.59214,adult,,female,Manatee County,,,,,,,SPECIES_MORPHO,,,"LIGHT,CO2",CDC_LIGHT,individuals,,
Manatee County Monitoring Aedes aegypti,Aedes aegypti,2013-05-06,,2013-05-07,,1,Fulwood,27.475085,-82.551283,adult,,female,Manatee County,,,,,,,SPECIES_MORPHO,,,"LIGHT,CO2",CDC_LIGHT,individuals,,
Manatee County Monitoring Aedes aegypti,Aedes aegypti,2013-05-06,,2013-05-07,,1,Samoset,27.46947,-82.52402,adult,,female,Manatee County,,,,,,,SPECIES_MORPHO,,,"LIGHT,CO2",CDC_LIGHT,individuals,,
Manatee County Monitoring Aedes aegypti,Aedes aegypti,2013-05-06,,2013-05-07,,1,Braden Pines,27.43889,-82.43865,adult,,female,Manatee County,,,,,,,SPECIES_MORPHO,,,"LIGHT,CO2",CDC_LIGHT,individuals,,
Manatee County Monitoring Aedes aegypti,Aedes aegypti,2013-05-13,,2013-05-14,,6,Fielding,27.529167,-82.588117,adult,,female,Manatee County,,,,,,,SPECIES_MORPHO,,,"LIGHT,CO2",CDC_LIGHT,individuals,,
Manatee County Monitoring Aedes aegypti,Aedes aegypti,2013-05-13,,2013-05-14,,4,Cortez Village,27.468452,-82.684313,adult,,female,Manatee County,,,,,,,SPECIES_MORPHO,,,"LIGHT,CO2",CDC_LIGHT,individuals,,
Manatee County Monitoring Aedes aegypti,Aedes aegypti,2013-05-13,,2013-05-14,,5,Manatee HS,27.48887,-82.59214,adult,,female,Manatee County,,,,,,,SPECIES_MORPHO,,,"LIGHT,CO2",CDC_LIGHT,individuals,,
Manatee County Monitoring Aedes aegypti,Aedes aegypti,2013-05-13,,2013-05-14,,3,Fulwood,27.475085,-82.551283,adult,,female,Manatee County,,,,,,,SPECIES_MORPHO,,,"LIGHT,CO2",CDC_LIGHT,individuals,,
Manatee County Monitoring Aedes aegypti,Aedes aegypti,2013-05-13,,2013-05-14,,2,Samoset,27.46947,-82.52402,adult,,female,Manatee County,,,,,,,SPECIES_MORPHO,,,"LIGHT,CO2",CDC_LIGHT,individuals,,
Manatee County Monitoring Aedes aegypti,Aedes aegypti,2013-05-13,,2013-05-14,,2,Wauchula Rd.,27.426958,-82.133258,adult,,female,Manatee County,,,,,,,SPECIES_MORPHO,,,"LIGHT,CO2",CDC_LIGHT,individuals,,
Manatee County Monitoring Aedes aegypti,Aedes aegypti,2013-05-20,,2013-05-21,,2,Fielding,27.529167,-82.588117,adult,,female,Manatee County,,,,,,,SPECIES_MORPHO,,,"LIGHT,CO2",CDC_LIGHT,individuals,,
Manatee County Monitoring Aedes aegypti,Aedes aegypti,2013-05-20,,2013-05-21,,11,Cortez Village,27.468452,-82.684313,adult,,female,Manatee County,,,,,,,SPECIES_MORPHO,,,"LIGHT,CO2",CDC_LIGHT,individuals,,
Manatee County Monitoring Aedes aegypti,Aedes aegypti,2013-05-20,,2013-05-21,,1,Manatee HS,27.48887,-82.59214,adult,,female,Manatee County,,,,,,,SPECIES_MORPHO,,,"LIGHT,CO2",CDC_LIGHT,individuals,,
Manatee County Monitoring Aedes aegypti,Aedes aegypti,2013-05-20,,2013-05-21,,1,Samoset,27.46947,-82.52402,adult,,female,Manatee County,,,,,,,SPECIES_MORPHO,,,"LIGHT,CO2",CDC_LIGHT,individuals,,
Manatee County Monitoring Aedes aegypti,Aedes aegypti,2013-05-20,,2013-05-21,,1,Mullins,27.439449,-82.548928,adult,,female,Manatee County,,,,,,,SPECIES_MORPHO,,,"LIGHT,CO2",CDC_LIGHT,individuals,,
Manatee County Monitoring Aedes aegypti,Aedes aegypti,2013-05-20,,2013-05-21,,3,Lloyd Park,27.489937,-82.533814,adult,,female,Manatee County,,,,,,,SPECIES_MORPHO,,,"LIGHT,CO2",CDC_LIGHT,individuals,,
Manatee County Monitoring Aedes aegypti,Aedes aegypti,2013-05-28,,2013-05-29,,1,Fielding,27.529167,-82.588117,adult,,female,Manatee County,,,,,,,SPECIES_MORPHO,,,"LIGHT,CO2",CDC_LIGHT,individuals,,
Manatee County Monitoring Aedes aegypti,Aedes aegypti,2013-05-28,,2013-05-29,,2,Highland Shores,27.516317,-82.537735,adult,,female,Manatee County,,,,,,,SPECIES_MORPHO,,,"LIGHT,CO2",CDC_LIGHT,individuals,,
Manatee County Monitoring Aedes aegypti,Aedes aegypti,2013-05-28,,2013-05-29,,4,Cortez Village,27.468452,-82.684313,adult,,female,Manatee County,,,,,,,SPECIES_MORPHO,,,"LIGHT,CO2",CDC_LIGHT,individuals,,
Manatee County Monitoring Aedes aegypti,Aedes aegypti,2013-05-28,,2013-05-29,,1,St Stephens,27.499288,-82.600544,adult,,female,Manatee County,,,,,,,SPECIES_MORPHO,,,"LIGHT,CO2",CDC_LIGHT,individuals,,
Manatee County Monitoring Aedes aegypti,Aedes aegypti,2013-05-28,,2013-05-29,,1,Mullins,27.439449,-82.548928,adult,,female,Manatee County,,,,,,,SPECIES_MORPHO,,,"LIGHT,CO2",CDC_LIGHT,individuals,,
Manatee County Monitoring Aedes aegypti,Aedes aegypti,2013-05-28,,2013-05-29,,2,Palmetto Ball Park,27.531,-82.58235,adult,,female,Manatee County,,,,,,,SPECIES_MORPHO,,,"LIGHT,CO2",CDC_LIGHT,individuals,,
Manatee County Monitoring Aedes aegypti,Aedes aegypti,2013-05-28,,2013-05-29,,1,Colonial Baptist Church,27.475697,-82.613417,adult,,female,Manatee County,,,,,,,SPECIES_MORPHO,,,"LIGHT,CO2",CDC_LIGHT,individuals,,
Manatee County Monitoring Aedes aegypti,Aedes aegypti,2013-06-03,,2013-06-04,,11,Cortez Village,27.468452,-82.684313,adult,,female,Manatee County,,,,,,,SPECIES_MORPHO,,,"LIGHT,CO2",CDC_LIGHT,individuals,,
Manatee County Monitoring Aedes aegypti,Aedes aegypti,2013-06-03,,2013-06-04,,1,Manatee HS,27.48887,-82.59214,adult,,female,Manatee County,,,,,,,SPECIES_MORPHO,,,"LIGHT,CO2",CDC_LIGHT,individuals,,
Manatee County Monitoring Aedes aegypti,Aedes aegypti,2013-06-03,,2013-06-04,,2,St Stephens,27.499288,-82.600544,adult,,female,Manatee County,,,,,,,SPECIES_MORPHO,,,"LIGHT,CO2",CDC_LIGHT,individuals,,
Manatee County Monitoring Aedes aegypti,Aedes aegypti,2013-06-03,,2013-06-04,,1,Fulwood,27.475085,-82.551283,adult,,female,Manatee County,,,,,,,SPECIES_MORPHO,,,"LIGHT,CO2",CDC_LIGHT,individuals,,
Manatee County Monitoring Aedes aegypti,Aedes aegypti,2013-06-03,,2013-06-04,,2,Lloyd Park,27.489937,-82.533814,adult,,female,Manatee County,,,,,,,SPECIES_MORPHO,,,"LIGHT,CO2",CDC_LIGHT,individuals,,
Manatee County Monitoring Aedes aegypti,Aedes aegypti,2013-06-10,,2013-06-11,,2,Church,27.600978,-82.529357,adult,,female,Manatee County,,,,,,,SPECIES_MORPHO,,,"LIGHT,CO2",CDC_LIGHT,individuals,,
Manatee County Monitoring Aedes aegypti,Aedes aegypti,2013-06-10,,2013-06-11,,16,Fielding,27.529167,-82.588117,adult,,female,Manatee County,,,,,,,SPECIES_MORPHO,,,"LIGHT,CO2",CDC_LIGHT,individuals,,
Manatee County Monitoring Aedes aegypti,Aedes aegypti,2013-06-10,,2013-06-11,,10,Cortez Village,27.468452,-82.684313,adult,,female,Manatee County,,,,,,,SPECIES_MORPHO,,,"LIGHT,CO2",CDC_LIGHT,individuals,,
Manatee County Monitoring Aedes aegypti,Aedes aegypti,2013-06-10,,2013-06-11,,25,Bolleteries Soccer field,27.447151,-82.62052,adult,,female,Manatee County,,,,,,,SPECIES_MORPHO,,,"LIGHT,CO2",CDC_LIGHT,individuals,,
Manatee County Monitoring Aedes aegypti,Aedes aegypti,2013-06-10,,2013-06-11,,5,Manatee HS,27.48887,-82.59214,adult,,female,Manatee County,,,,,,,SPECIES_MORPHO,,,"LIGHT,CO2",CDC_LIGHT,individuals,,
Manatee County Monitoring Aedes aegypti,Aedes aegypti,2013-06-10,,2013-06-11,,9,St Stephens,27.499288,-82.600544,adult,,female,Manatee County,,,,,,,SPECIES_MORPHO,,,"LIGHT,CO2",CDC_LIGHT,individuals,,
Manatee County Monitoring Aedes aegypti,Aedes aegypti,2013-06-10,,2013-06-11,,49,Fulwood,27.475085,-82.551283,adult,,female,Manatee County,,,,,,,SPECIES_MORPHO,,,"LIGHT,CO2",CDC_LIGHT,individuals,,
Manatee County Monitoring Aedes aegypti,Aedes aegypti,2013-06-10,,2013-06-11,,5,Mullins,27.439449,-82.548928,adult,,female,Manatee County,,,,,,,SPECIES_MORPHO,,,"LIGHT,CO2",CDC_LIGHT,individuals,,
Manatee County Monitoring Aedes aegypti,Aedes aegypti,2013-06-10,,2013-06-11,,2,Magnolia Manor,27.481256,-82.48042,adult,,female,Manatee County,,,,,,,SPECIES_MORPHO,,,"LIGHT,CO2",CDC_LIGHT,individuals,,
Manatee County Monitoring Aedes aegypti,Aedes aegypti,2013-06-10,,2013-06-11,,9,Palmetto Ball Park,27.531,-82.58235,adult,,female,Manatee County,,,,,,,SPECIES_MORPHO,,,"LIGHT,CO2",CDC_LIGHT,individuals,,
Manatee County Monitoring Aedes aegypti,Aedes aegypti,2013-06-10,,2013-06-11,,1,Colonial Baptist Church,27.475697,-82.613417,adult,,female,Manatee County,,,,,,,SPECIES_MORPHO,,,"LIGHT,CO2",CDC_LIGHT,individuals,,
Manatee County Monitoring Aedes aegypti,Aedes aegypti,2013-06-10,,2013-06-11,,5,Lloyd Park,27.489937,-82.533814,adult,,female,Manatee County,,,,,,,SPECIES_MORPHO,,,"LIGHT,CO2",CDC_LIGHT,individuals,,
Manatee County Monitoring Aedes aegypti,Aedes aegypti,2013-06-13,,2013-06-14,,17,Church,27.600978,-82.529357,adult,,female,Manatee County,,,,,,,SPECIES_MORPHO,,,"LIGHT,CO2",CDC_LIGHT,individuals,,
Manatee County Monitoring Aedes aegypti,Aedes aegypti,2013-06-17,,2013-06-18,,6,Fielding,27.529167,-82.588117,adult,,female,Manatee County,,,,,,,SPECIES_MORPHO,,,"LIGHT,CO2",CDC_LIGHT,individuals,,
Manatee County Monitoring Aedes aegypti,Aedes aegypti,2013-06-17,,2013-06-18,,5,Manatee HS,27.48887,-82.59214,adult,,female,Manatee County,,,,,,,SPECIES_MORPHO,,,"LIGHT,CO2",CDC_LIGHT,individuals,,
Manatee County Monitoring Aedes aegypti,Aedes aegypti,2013-06-17,,2013-06-18,,16,Fulwood,27.475085,-82.551283,adult,,female,Manatee County,,,,,,,SPECIES_MORPHO,,,"LIGHT,CO2",CDC_LIGHT,individuals,,
Manatee County Monitoring Aedes aegypti,Aedes aegypti,2013-06-19,,2013-06-20,,35,Magnolia Manor,27.481256,-82.48042,adult,,female,Manatee County,,,,,,,SPECIES_MORPHO,,,"LIGHT,CO2",CDC_LIGHT,individuals,,
Manatee County Monitoring Aedes aegypti,Aedes aegypti,2013-06-21,,2013-06-22,,3,Cortez Village,27.468452,-82.684313,adult,,female,Manatee County,,,,,,,SPECIES_MORPHO,,,"LIGHT,CO2",CDC_LIGHT,individuals,,
Manatee County Monitoring Aedes aegypti,Aedes aegypti,2013-06-24,,2013-06-25,,3,Fielding,27.529167,-82.588117,adult,,female,Manatee County,,,,,,,SPECIES_MORPHO,,,"LIGHT,CO2",CDC_LIGHT,individuals,,
Manatee County Monitoring Aedes aegypti,Aedes aegypti,2013-06-24,,2013-06-25,,1,Palmetto shop,27.533281,-82.565712,adult,,female,Manatee County,,,,,,,SPECIES_MORPHO,,,"LIGHT,CO2",CDC_LIGHT,individuals,,
Manatee County Monitoring Aedes aegypti,Aedes aegypti,2013-06-24,,2013-06-25,,12,Cortez Village,27.468452,-82.684313,adult,,female,Manatee County,,,,,,,SPECIES_MORPHO,,,"LIGHT,CO2",CDC_LIGHT,individuals,,
Manatee County Monitoring Aedes aegypti,Aedes aegypti,2013-06-24,,2013-06-25,,24,Manatee HS,27.48887,-82.59214,adult,,female,Manatee County,,,,,,,SPECIES_MORPHO,,,"LIGHT,CO2",CDC_LIGHT,individuals,,
Manatee County Monitoring Aedes aegypti,Aedes aegypti,2013-06-24,,2013-06-25,,7,St Stephens,27.499288,-82.600544,adult,,female,Manatee County,,,,,,,SPECIES_MORPHO,,,"LIGHT,CO2",CDC_LIGHT,individuals,,
Manatee County Monitoring Aedes aegypti,Aedes aegypti,2013-06-24,,2013-06-25,,24,Fulwood,27.475085,-82.551283,adult,,female,Manatee County,,,,,,,SPECIES_MORPHO,,,"LIGHT,CO2",CDC_LIGHT,individuals,,
Manatee County Monitoring Aedes aegypti,Aedes aegypti,2013-06-24,,2013-06-25,,6,Erie Rd.,27.574079,-82.5041,adult,,female,Manatee County,,,,,,,SPECIES_MORPHO,,,"LIGHT,CO2",CDC_LIGHT,individuals,,
Manatee County Monitoring Aedes aegypti,Aedes aegypti,2013-06-24,,2013-06-25,,11,Parrish/Britt Rd.,27.564967,-82.424886,adult,,female,Manatee County,,,,,,,SPECIES_MORPHO,,,"LIGHT,CO2",CDC_LIGHT,individuals,,
Manatee County Monitoring Aedes aegypti,Aedes aegypti,2013-06-24,,2013-06-25,,47,Palmetto Ball Park,27.531,-82.58235,adult,,female,Manatee County,,,,,,,SPECIES_MORPHO,,,"LIGHT,CO2",CDC_LIGHT,individuals,,
Manatee County Monitoring Aedes aegypti,Aedes aegypti,2013-06-24,,2013-06-25,,4,Lloyd Park,27.489937,-82.533814,adult,,female,Manatee County,,,,,,,SPECIES_MORPHO,,,"LIGHT,CO2",CDC_LIGHT,individuals,,
Manatee County Monitoring Aedes aegypti,Aedes aegypti,2013-07-01,,2013-07-02,,2,Manatee HS,27.48887,-82.59214,adult,,female,Manatee County,,,,,,,SPECIES_MORPHO,,,"LIGHT,CO2",CDC_LIGHT,individuals,,
Manatee County Monitoring Aedes aegypti,Aedes aegypti,2013-07-08,,2013-07-09,,81,Cortez Village,27.468452,-82.684313,adult,,female,Manatee County,,,,,,,SPECIES_MORPHO,,,"LIGHT,CO2",CDC_LIGHT,individuals,,
Manatee County Monitoring Aedes aegypti,Aedes aegypti,2013-07-08,,2013-07-09,,11,Manatee HS,27.48887,-82.59214,adult,,female,Manatee County,,,,,,,SPECIES_MORPHO,,,"LIGHT,CO2",CDC_LIGHT,individuals,,
Manatee County Monitoring Aedes aegypti,Aedes aegypti,2013-07-08,,2013-07-09,,3,St Stephens,27.499288,-82.600544,adult,,female,Manatee County,,,,,,,SPECIES_MORPHO,,,"LIGHT,CO2",CDC_LIGHT,individuals,,
Manatee County Monitoring Aedes aegypti,Aedes aegypti,2013-07-08,,2013-07-09,,28,Fulwood,27.475085,-82.551283,adult,,female,Manatee County,,,,,,,SPECIES_MORPHO,,,"LIGHT,CO2",CDC_LIGHT,individuals,,
Manatee County Monitoring Aedes aegypti,Aedes aegypti,2013-07-08,,2013-07-09,,8,Mullins,27.439449,-82.548928,adult,,female,Manatee County,,,,,,,SPECIES_MORPHO,,,"LIGHT,CO2",CDC_LIGHT,individuals,,
Manatee County Monitoring Aedes aegypti,Aedes aegypti,2013-07-12,,2013-07-13,,3,Church,27.600978,-82.529357,adult,,female,Manatee County,,,,,,,SPECIES_MORPHO,,,"LIGHT,CO2",CDC_LIGHT,individuals,,
Manatee County Monitoring Aedes aegypti,Aedes aegypti,2013-07-15,,2013-07-16,,77,Cortez Village,27.468452,-82.684313,adult,,female,Manatee County,,,,,,,SPECIES_MORPHO,,,"LIGHT,CO2",CDC_LIGHT,individuals,,
Manatee County Monitoring Aedes aegypti,Aedes aegypti,2013-07-15,,2013-07-16,,13,Manatee HS,27.48887,-82.59214,adult,,female,Manatee County,,,,,,,SPECIES_MORPHO,,,"LIGHT,CO2",CDC_LIGHT,individuals,,
Manatee County Monitoring Aedes aegypti,Aedes aegypti,2013-07-15,,2013-07-16,,22,Fulwood,27.475085,-82.551283,adult,,female,Manatee County,,,,,,,SPECIES_MORPHO,,,"LIGHT,CO2",CDC_LIGHT,individuals,,
Manatee County Monitoring Aedes aegypti,Aedes aegypti,2013-07-15,,2013-07-16,,13,Mullins,27.439449,-82.548928,adult,,female,Manatee County,,,,,,,SPECIES_MORPHO,,,"LIGHT,CO2",CDC_LIGHT,individuals,,
Manatee County Monitoring Aedes aegypti,Aedes aegypti,2013-07-16,,2013-07-17,,27,Frog Creek,27.590917,-82.548,adult,,female,Manatee County,,,,,,,SPECIES_MORPHO,,,"LIGHT,CO2",CDC_LIGHT,individuals,,
Manatee County Monitoring Aedes aegypti,Aedes aegypti,2013-07-17,,2013-07-18,,29,Cortez Village,27.468452,-82.684313,adult,,female,Manatee County,,,,,,,SPECIES_MORPHO,,,"LIGHT,CO2",CDC_LIGHT,individuals,,
Manatee County Monitoring Aedes aegypti,Aedes aegypti,2013-07-22,,2013-07-23,,44,Highland Shores,27.516317,-82.537735,adult,,female,Manatee County,,,,,,,SPECIES_MORPHO,,,"LIGHT,CO2",CDC_LIGHT,individuals,,
Manatee County Monitoring Aedes aegypti,Aedes aegypti,2013-07-22,,2013-07-23,,57,Cortez Village,27.468452,-82.684313,adult,,female,Manatee County,,,,,,,SPECIES_MORPHO,,,"LIGHT,CO2",CDC_LIGHT,individuals,,
Manatee County Monitoring Aedes aegypti,Aedes aegypti,2013-07-22,,2013-07-23,,1,Manatee HS,27.48887,-82.59214,adult,,female,Manatee County,,,,,,,SPECIES_MORPHO,,,"LIGHT,CO2",CDC_LIGHT,individuals,,
Manatee County Monitoring Aedes aegypti,Aedes aegypti,2013-07-22,,2013-07-23,,3,St Stephens,27.499288,-82.600544,adult,,female,Manatee County,,,,,,,SPECIES_MORPHO,,,"LIGHT,CO2",CDC_LIGHT,individuals,,
Manatee County Monitoring Aedes aegypti,Aedes aegypti,2013-07-22,,2013-07-23,,23,Fulwood,27.475085,-82.551283,adult,,female,Manatee County,,,,,,,SPECIES_MORPHO,,,"LIGHT,CO2",CDC_LIGHT,individuals,,
Manatee County Monitoring Aedes aegypti,Aedes aegypti,2013-07-22,,2013-07-23,,8,Palm-Aire,27.406663,-82.504054,adult,,female,Manatee County,,,,,,,SPECIES_MORPHO,,,"LIGHT,CO2",CDC_LIGHT,individuals,,
Manatee County Monitoring Aedes aegypti,Aedes aegypti,2013-07-22,,2013-07-23,,2,Colonial Baptist Church,27.475697,-82.613417,adult,,female,Manatee County,,,,,,,SPECIES_MORPHO,,,"LIGHT,CO2",CDC_LIGHT,individuals,,
Manatee County Monitoring Aedes aegypti,Aedes aegypti,2013-07-29,,2013-07-30,,12,Cortez Village,27.468452,-82.684313,adult,,female,Manatee County,,,,,,,SPECIES_MORPHO,,,"LIGHT,CO2",CDC_LIGHT,individuals,,
Manatee County Monitoring Aedes aegypti,Aedes aegypti,2013-07-29,,2013-07-30,,1,St Stephens,27.499288,-82.600544,adult,,female,Manatee County,,,,,,,SPECIES_MORPHO,,,"LIGHT,CO2",CDC_LIGHT,individuals,,
Manatee County Monitoring Aedes aegypti,Aedes aegypti,2013-07-29,,2013-07-30,,9,Fulwood,27.475085,-82.551283,adult,,female,Manatee County,,,,,,,SPECIES_MORPHO,,,"LIGHT,CO2",CDC_LIGHT,individuals,,
Manatee County Monitoring Aedes aegypti,Aedes aegypti,2013-07-29,,2013-07-30,,1,Colonial Baptist Church,27.475697,-82.613417,adult,,female,Manatee County,,,,,,,SPECIES_MORPHO,,,"LIGHT,CO2",CDC_LIGHT,individuals,,
Manatee County Monitoring Aedes aegypti,Aedes aegypti,2013-08-01,,2013-08-02,,40,Cortez Village,27.468452,-82.684313,adult,,female,Manatee County,,,,,,,SPECIES_MORPHO,,,"LIGHT,CO2",CDC_LIGHT,individuals,,
Manatee County Monitoring Aedes aegypti,Aedes aegypti,2013-08-05,,2013-08-06,,4,Fielding,27.529167,-82.588117,adult,,female,Manatee County,,,,,,,SPECIES_MORPHO,,,"LIGHT,CO2",CDC_LIGHT,individuals,,
Manatee County Monitoring Aedes aegypti,Aedes aegypti,2013-08-05,,2013-08-06,,1,Palmetto shop,27.533281,-82.565712,adult,,female,Manatee County,,,,,,,SPECIES_MORPHO,,,"LIGHT,CO2",CDC_LIGHT,individuals,,
Manatee County Monitoring Aedes aegypti,Aedes aegypti,2013-08-05,,2013-08-06,,1,Orbans,27.50312,-82.65739,adult,,female,Manatee County,,,,,,,SPECIES_MORPHO,,,"LIGHT,CO2",CDC_LIGHT,individuals,,
Manatee County Monitoring Aedes aegypti,Aedes aegypti,2013-08-05,,2013-08-06,,22,Bolleteries Soccer field,27.447151,-82.62052,adult,,female,Manatee County,,,,,,,SPECIES_MORPHO,,,"LIGHT,CO2",CDC_LIGHT,individuals,,
Manatee County Monitoring Aedes aegypti,Aedes aegypti,2013-08-05,,2013-08-06,,9,Manatee HS,27.48887,-82.59214,adult,,female,Manatee County,,,,,,,SPECIES_MORPHO,,,"LIGHT,CO2",CDC_LIGHT,individuals,,
Manatee County Monitoring Aedes aegypti,Aedes aegypti,2013-08-05,,2013-08-06,,1,St Stephens,27.499288,-82.600544,adult,,female,Manatee County,,,,,,,SPECIES_MORPHO,,,"LIGHT,CO2",CDC_LIGHT,individuals,,
Manatee County Monitoring Aedes aegypti,Aedes aegypti,2013-08-05,,2013-08-06,,11,Fulwood,27.475085,-82.551283,adult,,female,Manatee County,,,,,,,SPECIES_MORPHO,,,"LIGHT,CO2",CDC_LIGHT,individuals,,
Manatee County Monitoring Aedes aegypti,Aedes aegypti,2013-08-05,,2013-08-06,,8,Samoset,27.46947,-82.52402,adult,,female,Manatee County,,,,,,,SPECIES_MORPHO,,,"LIGHT,CO2",CDC_LIGHT,individuals,,
Manatee County Monitoring Aedes aegypti,Aedes aegypti,2013-08-05,,2013-08-06,,1,Mullins,27.439449,-82.548928,adult,,female,Manatee County,,,,,,,SPECIES_MORPHO,,,"LIGHT,CO2",CDC_LIGHT,individuals,,
Manatee County Monitoring Aedes aegypti,Aedes aegypti,2013-08-05,,2013-08-06,,16,Tallevast,27.4266,-82.52471,adult,,female,Manatee County,,,,,,,SPECIES_MORPHO,,,"LIGHT,CO2",CDC_LIGHT,individuals,,
Manatee County Monitoring Aedes aegypti,Aedes aegypti,2013-08-12,,2013-08-13,,20,Chapman Rd.,27.616367,-82.5353,adult,,female,Manatee County,,,,,,,SPECIES_MORPHO,,,"LIGHT,CO2",CDC_LIGHT,individuals,,
Manatee County Monitoring Aedes aegypti,Aedes aegypti,2013-08-12,,2013-08-13,,2,Orbans,27.50312,-82.65739,adult,,female,Manatee County,,,,,,,SPECIES_MORPHO,,,"LIGHT,CO2",CDC_LIGHT,individuals,,
Manatee County Monitoring Aedes aegypti,Aedes aegypti,2013-08-12,,2013-08-13,,10,Cortez Village,27.468452,-82.684313,adult,,female,Manatee County,,,,,,,SPECIES_MORPHO,,,"LIGHT,CO2",CDC_LIGHT,individuals,,
Manatee County Monitoring Aedes aegypti,Aedes aegypti,2013-08-12,,2013-08-13,,3,Bolleteries Soccer field,27.447151,-82.62052,adult,,female,Manatee County,,,,,,,SPECIES_MORPHO,,,"LIGHT,CO2",CDC_LIGHT,individuals,,
Manatee County Monitoring Aedes aegypti,Aedes aegypti,2013-08-12,,2013-08-13,,1,Manatee HS,27.48887,-82.59214,adult,,female,Manatee County,,,,,,,SPECIES_MORPHO,,,"LIGHT,CO2",CDC_LIGHT,individuals,,
Manatee County Monitoring Aedes aegypti,Aedes aegypti,2013-08-12,,2013-08-13,,4,Fulwood,27.475085,-82.551283,adult,,female,Manatee County,,,,,,,SPECIES_MORPHO,,,"LIGHT,CO2",CDC_LIGHT,individuals,,
Manatee County Monitoring Aedes aegypti,Aedes aegypti,2013-08-12,,2013-08-13,,3,Mullins,27.439449,-82.548928,adult,,female,Manatee County,,,,,,,SPECIES_MORPHO,,,"LIGHT,CO2",CDC_LIGHT,individuals,,
Manatee County Monitoring Aedes aegypti,Aedes aegypti,2013-08-12,,2013-08-13,,5,Sandy Baptist,27.272953,-82.116503,adult,,female,Manatee County,,,,,,,SPECIES_MORPHO,,,"LIGHT,CO2",CDC_LIGHT,individuals,,
Manatee County Monitoring Aedes aegypti,Aedes aegypti,2013-08-12,,2013-08-13,,11,Thousand Oaks,27.564989,-82.480332,adult,,female,Manatee County,,,,,,,SPECIES_MORPHO,,,"LIGHT,CO2",CDC_LIGHT,individuals,,
Manatee County Monitoring Aedes aegypti,Aedes aegypti,2013-08-19,,2013-08-20,,3,Fielding,27.529167,-82.588117,adult,,female,Manatee County,,,,,,,SPECIES_MORPHO,,,"LIGHT,CO2",CDC_LIGHT,individuals,,
Manatee County Monitoring Aedes aegypti,Aedes aegypti,2013-08-19,,2013-08-20,,3,Highland Shores,27.516317,-82.537735,adult,,female,Manatee County,,,,,,,SPECIES_MORPHO,,,"LIGHT,CO2",CDC_LIGHT,individuals,,
Manatee County Monitoring Aedes aegypti,Aedes aegypti,2013-08-19,,2013-08-20,,23,Cortez Village,27.468452,-82.684313,adult,,female,Manatee County,,,,,,,SPECIES_MORPHO,,,"LIGHT,CO2",CDC_LIGHT,individuals,,
Manatee County Monitoring Aedes aegypti,Aedes aegypti,2013-08-19,,2013-08-20,,3,Bolleteries Soccer field,27.447151,-82.62052,adult,,female,Manatee County,,,,,,,SPECIES_MORPHO,,,"LIGHT,CO2",CDC_LIGHT,individuals,,
Manatee County Monitoring Aedes aegypti,Aedes aegypti,2013-08-19,,2013-08-20,,4,Manatee HS,27.48887,-82.59214,adult,,female,Manatee County,,,,,,,SPECIES_MORPHO,,,"LIGHT,CO2",CDC_LIGHT,individuals,,
Manatee County Monitoring Aedes aegypti,Aedes aegypti,2013-08-19,,2013-08-20,,14,St Stephens,27.499288,-82.600544,adult,,female,Manatee County,,,,,,,SPECIES_MORPHO,,,"LIGHT,CO2",CDC_LIGHT,individuals,,
Manatee County Monitoring Aedes aegypti,Aedes aegypti,2013-08-19,,2013-08-20,,9,Fulwood,27.475085,-82.551283,adult,,female,Manatee County,,,,,,,SPECIES_MORPHO,,,"LIGHT,CO2",CDC_LIGHT,individuals,,
Manatee County Monitoring Aedes aegypti,Aedes aegypti,2013-08-20,,2013-08-21,,1,Apple,27.41218,-82.28757,adult,,female,Manatee County,,,,,,,SPECIES_MORPHO,,,"LIGHT,CO2",CDC_LIGHT,individuals,,
Manatee County Monitoring Aedes aegypti,Aedes aegypti,2013-08-26,,2013-08-27,,37,Cortez Village,27.468452,-82.684313,adult,,female,Manatee County,,,,,,,SPECIES_MORPHO,,,"LIGHT,CO2",CDC_LIGHT,individuals,,
Manatee County Monitoring Aedes aegypti,Aedes aegypti,2013-08-26,,2013-08-27,,7,St Stephens,27.499288,-82.600544,adult,,female,Manatee County,,,,,,,SPECIES_MORPHO,,,"LIGHT,CO2",CDC_LIGHT,individuals,,
Manatee County Monitoring Aedes aegypti,Aedes aegypti,2013-08-26,,2013-08-27,,8,Fulwood,27.475085,-82.551283,adult,,female,Manatee County,,,,,,,SPECIES_MORPHO,,,"LIGHT,CO2",CDC_LIGHT,individuals,,
Manatee County Monitoring Aedes aegypti,Aedes aegypti,2013-08-26,,2013-08-27,,1,Mullins,27.439449,-82.548928,adult,,female,Manatee County,,,,,,,SPECIES_MORPHO,,,"LIGHT,CO2",CDC_LIGHT,individuals,,
Manatee County Monitoring Aedes aegypti,Aedes aegypti,2013-09-03,,2013-09-04,,29,Cortez Village,27.468452,-82.684313,adult,,female,Manatee County,,,,,,,SPECIES_MORPHO,,,"LIGHT,CO2",CDC_LIGHT,individuals,,
Manatee County Monitoring Aedes aegypti,Aedes aegypti,2013-09-03,,2013-09-04,,6,Bolleteries Soccer field,27.447151,-82.62052,adult,,female,Manatee County,,,,,,,SPECIES_MORPHO,,,"LIGHT,CO2",CDC_LIGHT,individuals,,
Manatee County Monitoring Aedes aegypti,Aedes aegypti,2013-09-03,,2013-09-04,,3,Manatee HS,27.48887,-82.59214,adult,,female,Manatee County,,,,,,,SPECIES_MORPHO,,,"LIGHT,CO2",CDC_LIGHT,individuals,,
Manatee County Monitoring Aedes aegypti,Aedes aegypti,2013-09-03,,2013-09-04,,4,St Stephens,27.499288,-82.600544,adult,,female,Manatee County,,,,,,,SPECIES_MORPHO,,,"LIGHT,CO2",CDC_LIGHT,individuals,,
Manatee County Monitoring Aedes aegypti,Aedes aegypti,2013-09-03,,2013-09-04,,10,Fulwood,27.475085,-82.551283,adult,,female,Manatee County,,,,,,,SPECIES_MORPHO,,,"LIGHT,CO2",CDC_LIGHT,individuals,,
Manatee County Monitoring Aedes aegypti,Aedes aegypti,2013-09-04,,2013-09-05,,8,Parrish/Britt Rd.,27.564967,-82.424886,adult,,female,Manatee County,,,,,,,SPECIES_MORPHO,,,"LIGHT,CO2",CDC_LIGHT,individuals,,
Manatee County Monitoring Aedes aegypti,Aedes aegypti,2013-09-05,,2013-09-06,,4,French,27.603067,-82.535717,adult,,female,Manatee County,,,,,,,SPECIES_MORPHO,,,"LIGHT,CO2",CDC_LIGHT,individuals,,
Manatee County Monitoring Aedes aegypti,Aedes aegypti,2013-09-06,,2013-09-07,,6,Cortez Village,27.468452,-82.684313,adult,,female,Manatee County,,,,,,,SPECIES_MORPHO,,,"LIGHT,CO2",CDC_LIGHT,individuals,,
Manatee County Monitoring Aedes aegypti,Aedes aegypti,2013-09-09,,2013-09-10,,2,Fielding,27.529167,-82.588117,adult,,female,Manatee County,,,,,,,SPECIES_MORPHO,,,"LIGHT,CO2",CDC_LIGHT,individuals,,
Manatee County Monitoring Aedes aegypti,Aedes aegypti,2013-09-09,,2013-09-10,,2,Highland Shores,27.516317,-82.537735,adult,,female,Manatee County,,,,,,,SPECIES_MORPHO,,,"LIGHT,CO2",CDC_LIGHT,individuals,,
Manatee County Monitoring Aedes aegypti,Aedes aegypti,2013-09-09,,2013-09-10,,1,Orbans,27.50312,-82.65739,adult,,female,Manatee County,,,,,,,SPECIES_MORPHO,,,"LIGHT,CO2",CDC_LIGHT,individuals,,
Manatee County Monitoring Aedes aegypti,Aedes aegypti,2013-09-09,,2013-09-10,,19,Cortez Village,27.468452,-82.684313,adult,,female,Manatee County,,,,,,,SPECIES_MORPHO,,,"LIGHT,CO2",CDC_LIGHT,individuals,,
Manatee County Monitoring Aedes aegypti,Aedes aegypti,2013-09-09,,2013-09-10,,10,Manatee HS,27.48887,-82.59214,adult,,female,Manatee County,,,,,,,SPECIES_MORPHO,,,"LIGHT,CO2",CDC_LIGHT,individuals,,
Manatee County Monitoring Aedes aegypti,Aedes aegypti,2013-09-09,,2013-09-10,,1,St Stephens,27.499288,-82.600544,adult,,female,Manatee County,,,,,,,SPECIES_MORPHO,,,"LIGHT,CO2",CDC_LIGHT,individuals,,
Manatee County Monitoring Aedes aegypti,Aedes aegypti,2013-09-09,,2013-09-10,,3,Palmetto Ball Park,27.531,-82.58235,adult,,female,Manatee County,,,,,,,SPECIES_MORPHO,,,"LIGHT,CO2",CDC_LIGHT,individuals,,
Manatee County Monitoring Aedes aegypti,Aedes aegypti,2013-09-16,,2013-09-17,,4,Fielding,27.529167,-82.588117,adult,,female,Manatee County,,,,,,,SPECIES_MORPHO,,,"LIGHT,CO2",CDC_LIGHT,individuals,,
Manatee County Monitoring Aedes aegypti,Aedes aegypti,2013-09-16,,2013-09-17,,1,Highland Shores,27.516317,-82.537735,adult,,female,Manatee County,,,,,,,SPECIES_MORPHO,,,"LIGHT,CO2",CDC_LIGHT,individuals,,
Manatee County Monitoring Aedes aegypti,Aedes aegypti,2013-09-16,,2013-09-17,,16,Cortez Village,27.468452,-82.684313,adult,,female,Manatee County,,,,,,,SPECIES_MORPHO,,,"LIGHT,CO2",CDC_LIGHT,individuals,,
Manatee County Monitoring Aedes aegypti,Aedes aegypti,2013-09-16,,2013-09-17,,1,Manatee HS,27.48887,-82.59214,adult,,female,Manatee County,,,,,,,SPECIES_MORPHO,,,"LIGHT,CO2",CDC_LIGHT,individuals,,
Manatee County Monitoring Aedes aegypti,Aedes aegypti,2013-09-16,,2013-09-17,,4,St Stephens,27.499288,-82.600544,adult,,female,Manatee County,,,,,,,SPECIES_MORPHO,,,"LIGHT,CO2",CDC_LIGHT,individuals,,
Manatee County Monitoring Aedes aegypti,Aedes aegypti,2013-09-16,,2013-09-17,,11,Fulwood,27.475085,-82.551283,adult,,female,Manatee County,,,,,,,SPECIES_MORPHO,,,"LIGHT,CO2",CDC_LIGHT,individuals,,
Manatee County Monitoring Aedes aegypti,Aedes aegypti,2013-09-16,,2013-09-17,,4,Samoset,27.46947,-82.52402,adult,,female,Manatee County,,,,,,,SPECIES_MORPHO,,,"LIGHT,CO2",CDC_LIGHT,individuals,,
Manatee County Monitoring Aedes aegypti,Aedes aegypti,2013-09-16,,2013-09-17,,1,Mullins,27.439449,-82.548928,adult,,female,Manatee County,,,,,,,SPECIES_MORPHO,,,"LIGHT,CO2",CDC_LIGHT,individuals,,
Manatee County Monitoring Aedes aegypti,Aedes aegypti,2013-09-16,,2013-09-17,,1,Lloyd Park,27.489937,-82.533814,adult,,female,Manatee County,,,,,,,SPECIES_MORPHO,,,"LIGHT,CO2",CDC_LIGHT,individuals,,
Manatee County Monitoring Aedes aegypti,Aedes aegypti,2013-09-23,,2013-09-24,,9,Cortez Village,27.468452,-82.684313,adult,,female,Manatee County,,,,,,,SPECIES_MORPHO,,,"LIGHT,CO2",CDC_LIGHT,individuals,,
Manatee County Monitoring Aedes aegypti,Aedes aegypti,2013-09-23,,2013-09-24,,2,Fulwood,27.475085,-82.551283,adult,,female,Manatee County,,,,,,,SPECIES_MORPHO,,,"LIGHT,CO2",CDC_LIGHT,individuals,,
Manatee County Monitoring Aedes aegypti,Aedes aegypti,2013-09-30,,2013-10-01,,2,Highland Shores,27.516317,-82.537735,adult,,female,Manatee County,,,,,,,SPECIES_MORPHO,,,"LIGHT,CO2",CDC_LIGHT,individuals,,
Manatee County Monitoring Aedes aegypti,Aedes aegypti,2013-09-30,,2013-10-01,,18,Cortez Village,27.468452,-82.684313,adult,,female,Manatee County,,,,,,,SPECIES_MORPHO,,,"LIGHT,CO2",CDC_LIGHT,individuals,,
Manatee County Monitoring Aedes aegypti,Aedes aegypti,2013-09-30,,2013-10-01,,14,Fulwood,27.475085,-82.551283,adult,,female,Manatee County,,,,,,,SPECIES_MORPHO,,,"LIGHT,CO2",CDC_LIGHT,individuals,,
Manatee County Monitoring Aedes aegypti,Aedes aegypti,2013-09-30,,2013-10-01,,17,Palmetto Ball Park,27.531,-82.58235,adult,,female,Manatee County,,,,,,,SPECIES_MORPHO,,,"LIGHT,CO2",CDC_LIGHT,individuals,,
Manatee County Monitoring Aedes aegypti,Aedes aegypti,2013-10-03,,2013-10-04,,7,Frog Creek,27.590917,-82.548,adult,,female,Manatee County,,,,,,,SPECIES_MORPHO,,,"LIGHT,CO2",CDC_LIGHT,individuals,,
Manatee County Monitoring Aedes aegypti,Aedes aegypti,2013-10-07,,2013-10-08,,1,Manatee HS,27.48887,-82.59214,adult,,female,Manatee County,,,,,,,SPECIES_MORPHO,,,"LIGHT,CO2",CDC_LIGHT,individuals,,
Manatee County Monitoring Aedes aegypti,Aedes aegypti,2013-10-07,,2013-10-08,,4,Fulwood,27.475085,-82.551283,adult,,female,Manatee County,,,,,,,SPECIES_MORPHO,,,"LIGHT,CO2",CDC_LIGHT,individuals,,
Manatee County Monitoring Aedes aegypti,Aedes aegypti,2013-10-07,,2013-10-08,,1,Mullins,27.439449,-82.548928,adult,,female,Manatee County,,,,,,,SPECIES_MORPHO,,,"LIGHT,CO2",CDC_LIGHT,individuals,,
Manatee County Monitoring Aedes aegypti,Aedes aegypti,2013-10-07,,2013-10-08,,4,Thousand Oaks,27.564989,-82.480332,adult,,female,Manatee County,,,,,,,SPECIES_MORPHO,,,"LIGHT,CO2",CDC_LIGHT,individuals,,
Manatee County Monitoring Aedes aegypti,Aedes aegypti,2013-10-14,,2013-10-15,,3,Fielding,27.529167,-82.588117,adult,,female,Manatee County,,,,,,,SPECIES_MORPHO,,,"LIGHT,CO2",CDC_LIGHT,individuals,,
Manatee County Monitoring Aedes aegypti,Aedes aegypti,2013-10-14,,2013-10-15,,2,Manatee HS,27.48887,-82.59214,adult,,female,Manatee County,,,,,,,SPECIES_MORPHO,,,"LIGHT,CO2",CDC_LIGHT,individuals,,
Manatee County Monitoring Aedes aegypti,Aedes aegypti,2013-10-14,,2013-10-15,,1,Mullins,27.439449,-82.548928,adult,,female,Manatee County,,,,,,,SPECIES_MORPHO,,,"LIGHT,CO2",CDC_LIGHT,individuals,,
Manatee County Monitoring Aedes aegypti,Aedes aegypti,2013-10-16,,2013-10-17,,2,Parrish/Britt Rd.,27.564967,-82.424886,adult,,female,Manatee County,,,,,,,SPECIES_MORPHO,,,"LIGHT,CO2",CDC_LIGHT,individuals,,
Manatee County Monitoring Aedes aegypti,Aedes aegypti,2013-10-21,,2013-10-22,,1,Orbans,27.50312,-82.65739,adult,,female,Manatee County,,,,,,,SPECIES_MORPHO,,,"LIGHT,CO2",CDC_LIGHT,individuals,,
Manatee County Monitoring Aedes aegypti,Aedes aegypti,2013-10-21,,2013-10-22,,7,Cortez Village,27.468452,-82.684313,adult,,female,Manatee County,,,,,,,SPECIES_MORPHO,,,"LIGHT,CO2",CDC_LIGHT,individuals,,
Manatee County Monitoring Aedes aegypti,Aedes aegypti,2013-10-21,,2013-10-22,,2,St Stephens,27.499288,-82.600544,adult,,female,Manatee County,,,,,,,SPECIES_MORPHO,,,"LIGHT,CO2",CDC_LIGHT,individuals,,
Manatee County Monitoring Aedes aegypti,Aedes aegypti,2013-10-21,,2013-10-22,,1,Fulwood,27.475085,-82.551283,adult,,female,Manatee County,,,,,,,SPECIES_MORPHO,,,"LIGHT,CO2",CDC_LIGHT,individuals,,
Manatee County Monitoring Aedes aegypti,Aedes aegypti,2013-10-21,,2013-10-22,,2,Mullins,27.439449,-82.548928,adult,,female,Manatee County,,,,,,,SPECIES_MORPHO,,,"LIGHT,CO2",CDC_LIGHT,individuals,,
Manatee County Monitoring Aedes aegypti,Aedes aegypti,2013-10-21,,2013-10-22,,15,Palmetto Ball Park,27.531,-82.58235,adult,,female,Manatee County,,,,,,,SPECIES_MORPHO,,,"LIGHT,CO2",CDC_LIGHT,individuals,,
Manatee County Monitoring Aedes aegypti,Aedes aegypti,2013-10-28,,2013-10-29,,1,Fielding,27.529167,-82.588117,adult,,female,Manatee County,,,,,,,SPECIES_MORPHO,,,"LIGHT,CO2",CDC_LIGHT,individuals,,
Manatee County Monitoring Aedes aegypti,Aedes aegypti,2013-10-28,,2013-10-29,,1,Cortez Village,27.468452,-82.684313,adult,,female,Manatee County,,,,,,,SPECIES_MORPHO,,,"LIGHT,CO2",CDC_LIGHT,individuals,,
Manatee County Monitoring Aedes aegypti,Aedes aegypti,2013-10-28,,2013-10-29,,3,Bolleteries Soccer field,27.447151,-82.62052,adult,,female,Manatee County,,,,,,,SPECIES_MORPHO,,,"LIGHT,CO2",CDC_LIGHT,individuals,,
Manatee County Monitoring Aedes aegypti,Aedes aegypti,2013-10-28,,2013-10-29,,1,Manatee HS,27.48887,-82.59214,adult,,female,Manatee County,,,,,,,SPECIES_MORPHO,,,"LIGHT,CO2",CDC_LIGHT,individuals,,
Manatee County Monitoring Aedes aegypti,Aedes aegypti,2013-10-28,,2013-10-29,,2,Fulwood,27.475085,-82.551283,adult,,female,Manatee County,,,,,,,SPECIES_MORPHO,,,"LIGHT,CO2",CDC_LIGHT,individuals,,
Manatee County Monitoring Aedes aegypti,Aedes aegypti,2013-11-04,,2013-11-05,,3,Fielding,27.529167,-82.588117,adult,,female,Manatee County,,,,,,,SPECIES_MORPHO,,,"LIGHT,CO2",CDC_LIGHT,individuals,,
Manatee County Monitoring Aedes aegypti,Aedes aegypti,2013-11-04,,2013-11-05,,15,Cortez Village,27.468452,-82.684313,adult,,female,Manatee County,,,,,,,SPECIES_MORPHO,,,"LIGHT,CO2",CDC_LIGHT,individuals,,
Manatee County Monitoring Aedes aegypti,Aedes aegypti,2013-11-04,,2013-11-05,,2,Manatee HS,27.48887,-82.59214,adult,,female,Manatee County,,,,,,,SPECIES_MORPHO,,,"LIGHT,CO2",CDC_LIGHT,individuals,,
Manatee County Monitoring Aedes aegypti,Aedes aegypti,2013-11-04,,2013-11-05,,13,St Stephens,27.499288,-82.600544,adult,,female,Manatee County,,,,,,,SPECIES_MORPHO,,,"LIGHT,CO2",CDC_LIGHT,individuals,,
Manatee County Monitoring Aedes aegypti,Aedes aegypti,2013-11-06,,2013-11-07,,1,Parrish/Britt Rd.,27.564967,-82.424886,adult,,female,Manatee County,,,,,,,SPECIES_MORPHO,,,"LIGHT,CO2",CDC_LIGHT,individuals,,
Manatee County Monitoring Aedes aegypti,Aedes aegypti,2013-11-12,,2013-11-13,,6,Cortez Village,27.468452,-82.684313,adult,,female,Manatee County,,,,,,,SPECIES_MORPHO,,,"LIGHT,CO2",CDC_LIGHT,individuals,,
Manatee County Monitoring Aedes aegypti,Aedes aegypti,2013-11-14,,2013-11-15,,1,Parrish/Britt Rd.,27.564967,-82.424886,adult,,female,Manatee County,,,,,,,SPECIES_MORPHO,,,"LIGHT,CO2",CDC_LIGHT,individuals,,
